name,x,y,z
LAF10-LAF1,-24.5,59,-8.5
LAF11-LAF10,-42,54.5,-7.5
LAF12-LAF11,-42,52.5,-8.5
LAF13-LAF12,-44,49.5,-12
LAF14-LAF13,-47,48.5,-16
LAF2-LAF14,-26,56,-13.5
LAF3-LAF2,-4.5,63,-13
LAF4-LAF3,-7.5,59,-9
LAF5-LAF4,-10.5,55.5,-7
LAF6-LAF5,-15,56,-9
LAF7-LAF6,-29.5,57,-5
LAF8-LAF7,-36.5,57.5,-3.5
LAF9-LAF8,-37,56.5,-5
LAT10-LAT1,-36,6.5,-30.5
LAT11-LAT10,-51,-3.5,-23
LAT12-LAT11,-51,-3,-21
LAT13-LAT12,-50,-3,-23
LAT14-LAT13,-50.5,-4,-23.5
LAT2-LAT14,-37.5,6,-29.5
LAT3-LAT2,-24.5,16,-37
LAT4-LAT3,-25,16,-38.5
LAT5-LAT4,-28,13.5,-37
LAT6-LAT5,-37,9,-30
LAT7-LAT6,-45,5.5,-24.5
LAT8-LAT7,-50,2,-21.5
LAT9-LAT8,-51,-1.5,-22
LMF10-LMF1,-19.5,50.5,8.5
LMF11-LMF10,-33.5,57.5,5
LMF12-LMF11,-35.5,58,3.5
LMF13-LMF12,-38.5,56.5,6.5
LMF14-LMF13,-41,51.5,11.5
LMF2-LMF14,-24,46.5,12.5
LMF3-LMF2,-6.5,43,15
LMF4-LMF3,-5.5,44,16
LMF5-LMF4,-7,44,15
LMF6-LMF5,-16.5,49.5,14.5
LMF7-LMF6,-24,56.5,12.5
LMF8-LMF7,-24.5,58.5,8.5
LMF9-LMF8,-28,54.5,9.5
LMT10-LMT1,-38.5,0,-27.5
LMT11-LMT10,-51.5,4,-27.5
LMT12-LMT11,-51.5,12,-34
LMT2-LMT12,-39,8.5,-32.5
LMT3-LMT2,-26,5,-31
LMT4-LMT3,-26,5,-31
LMT5-LMT4,-26,5,-31
LMT6-LMT5,-25.5,6.5,-33
LMT7-LMT6,-36,5.5,-29
LMT8-LMT7,-48.5,-0.5,-24
LMT9-LMT8,-50,-4,-24.5
LOF10-LOF1,-27.5,52,-32
LOF11-LOF10,-44.5,50,-27.5
LOF12-LOF11,-44.5,48,-24.5
LOF2-LOF12,-29.5,49.5,-29.5
LOF3-LOF2,-17.5,53,-36.5
LOF4-LOF3,-21.5,52.5,-36.5
LOF5-LOF4,-25.5,53,-36
LOF6-LOF5,-25,53,-36
LOF7-LOF6,-25,51,-34.5
LOF8-LOF7,-30,50,-29
LOF9-LOF8,-34.5,48.5,-26
LPF10-LPF1,-3,16,14
LPF11-LPF10,-3,16,14
LPF12-LPF11,-18.5,24,22.5
LPF2-LPF12,-20,29,25
LPF3-LPF2,-7.5,34,17
LPF4-LPF3,-9.5,41,16.5
LPF5-LPF4,-10,42.5,19
LPF6-LPF5,-17,43.5,21
LPF7-LPF6,-24,42,22
LPF8-LPF7,-23,42.5,21
LPF9-LPF8,-27.5,38.5,25
LPH10-LPH1,-39.5,-12.5,-30
LPH11-LPH10,-54.5,-7.5,-28.5
LPH12-LPH11,-55,-8,-28
LPH2-LPH12,-42,-8,-30
LPH3-LPH2,-38,-12,-36
LPH4-LPH3,-45.5,-20,-40.5
LPH5-LPH4,-47.5,-17.5,-37.5
LPH6-LPH5,-54,-11,-32.5
LPH7-LPH6,-57.5,-9.5,-29
LPH8-LPH7,-57,-8.5,-26.5
LPH9-LPH8,-55,-8.5,-26.5
LPT10-LPT1,-41.5,-9.5,-31.5
LPT11-LPT10,-58,-9.5,-28.5
LPT12-LPT11,-56.5,-8,-29
LPT13-LPT12,-57,-3.5,-30.5
LPT14-LPT13,-58.5,1,-31.5
LPT2-LPT14,-41.5,-3,-33.5
LPT3-LPT2,-24,-7.5,-34
LPT4-LPT3,-25,-9,-33
LPT5-LPT4,-28,-18,-35
LPT6-LPT5,-30.5,-25,-33.5
LPT7-LPT6,-31.5,-25.5,-34
LPT8-LPT7,-45,-18,-32.5
LPT9-LPT8,-57,-9,-28.5
LVF10-LVF1,-27,26.5,3
LVF11-LVF10,-31.5,33,27
LVF12-LVF11,-31,35,26.5
LVF13-LVF12,-32,34,26.5
LVF14-LVF13,-32,34,26.5
LVF15-LVF14,-32,33.5,27
LVF16-LVF15,-32,32,27
LVF2-LVF16,-26,26,4
LVF3-LVF2,-21,20,-19
LVF4-LVF3,-23.5,19.5,-19.5
LVF5-LVF4,-20.5,22.5,-16.5
LVF6-LVF5,-16,25,-12.5
LVF7-LVF6,-17,24.5,-12.5
LVF8-LVF7,-16,25,-9.5
LVF9-LVF8,-12.5,27,1
RAF10-RAF1,28.5,52.5,-6
RAF11-RAF10,50,50.5,-9
RAF12-RAF11,51,50,-9.5
RAF13-RAF12,49.5,49.5,-10.5
RAF14-RAF13,49.5,49,-11
RAF2-RAF14,30,50.5,-7
RAF3-RAF2,9.5,52,-3.5
RAF4-RAF3,9.5,53.5,-3.5
RAF5-RAF4,15,54.5,1.5
RAF6-RAF5,31.5,54.5,0
RAF7-RAF6,43.5,55,-6.5
RAF8-RAF7,44,54.5,-7
RAF9-RAF8,46.5,53.5,-8
RAT10-RAT1,40,-1,-36.5
RAT11-RAT10,53,-12.5,-38
RAT12-RAT11,52.5,-12.5,-38.5
RAT13-RAT12,53.5,-13.5,-38
RAT14-RAT13,54.5,-13,-37
RAT2-RAT14,40.5,-3.5,-36.5
RAT3-RAT2,26.5,5,-35.5
RAT4-RAT3,27,5.5,-35
RAT5-RAT4,32,-6,-35.5
RAT6-RAT5,39,-19,-38
RAT7-RAT6,39.5,-23,-38.5
RAT8-RAT7,44,-20,-38.5
RAT9-RAT8,51,-12.5,-39
RMF10-RMF1,28,47.5,5.5
RMF11-RMF10,40.5,52,-1
RMF12-RMF11,40.5,52,-15.5
RMF13-RMF12,42,50,-30
RMF14-RMF13,45.5,44,-16.5
RMF2-RMF14,31.5,41.5,5.5
RMF3-RMF2,14,45.5,14
RMF4-RMF3,22,51,10
RMF5-RMF4,30,56,6
RMF6-RMF5,29.5,56.5,4
RMF7-RMF6,30,57.5,2.5
RMF8-RMF7,30.5,58.5,3
RMF9-RMF8,36,53.5,1.5
RMT10-RMT1,39,-1.5,-41
RMT11-RMT10,56,2,-47
RMT12-RMT11,55,-6,-41.5
RMT13-RMT12,53.5,-13.5,-36
RMT14-RMT13,53.5,-13.5,-36
RMT15-RMT14,56,-13,-34
RMT16-RMT15,58,-13,-32
RMT2-RMT16,42,-9.5,-33.5
RMT3-RMT2,26,-5,-34.5
RMT4-RMT3,26.5,-4.5,-34
RMT5-RMT4,28,-4,-34
RMT6-RMT5,30.5,-6.5,-34.5
RMT7-RMT6,36.5,-14.5,-38
RMT8-RMT7,42,-20,-41
RMT9-RMT8,44.5,-19.5,-40.5
ROF10-ROF1,22.5,48.5,-33.5
ROF11-ROF10,36.5,47.5,-31
ROF12-ROF11,37.5,48.5,-30.5
ROF2-ROF12,27,48.5,-34.5
ROF3-ROF2,12.5,45.5,-39
ROF4-ROF3,15.5,49,-38
ROF5-ROF4,20.5,52,-37
ROF6-ROF5,24,52,-37
ROF7-ROF6,26.5,53.5,-36.5
ROF8-ROF7,33,51.5,-33.5
ROF9-ROF8,37.5,50,-32
RPF10-RPF1,27,37,8.5
RPF11-RPF10,47,30.5,10.5
RPF12-RPF11,44.5,23,14.5
RPF2-RPF12,26,28,12.5
RPF3-RPF2,11,42.5,10
RPF4-RPF3,12,44,14
RPF5-RPF4,24.5,34.5,21
RPF6-RPF5,37.5,27.5,26
RPF7-RPF6,38.5,28,25
RPF8-RPF7,39,27.5,23.5
RPF9-RPF8,39.5,26.5,20
RPH10-RPH1,48.5,-11,-33
RPH11-RPH10,57,-10.5,-30
RPH12-RPH11,58,-8,-30
RPH2-RPH12,55,-10.5,-36
RPH3-RPH2,52,-13.5,-41.5
RPH4-RPH3,52.5,-14,-40
RPH5-RPH4,53,-14.5,-38.5
RPH6-RPH5,54,-14.5,-36.5
RPH7-RPH6,54.5,-13,-34.5
RPH8-RPH7,55.5,-26,-26
RPH9-RPH8,57.5,-40,-17
RPT10-RPT1,41.5,-8,-32
RPT11-RPT10,57,-14.5,-34.5
RPT12-RPT11,61.5,-15,-35
RPT2-RPT12,44.5,-8.5,-33
RPT3-RPT2,26.5,-3.5,-33
RPT4-RPT3,27,-3.5,-33.5
RPT5-RPT4,30.5,-6.5,-34
RPT6-RPT5,38,-14.5,-34.5
RPT7-RPT6,41.5,-22,-37.5
RPT8-RPT7,46,-19.5,-38.5
RPT9-RPT8,53,-14,-36.5
RVF10-RVF1,23,34,-21.5
RVF11-RVF10,35,22,7.5
RVF12-RVF11,38,21.5,27
RVF13-RVF12,39.5,22,27
RVF14-RVF13,39,22,26
RVF15-RVF14,38,21.5,26
RVF16-RVF15,37.5,21,26
RVF2-RVF16,29.5,24,2
RVF3-RVF2,24,24,-21
RVF4-RVF3,27,23,-20
RVF5-RVF4,28.5,23,-20
RVF6-RVF5,29,21.5,-19.5
RVF7-RVF6,29.5,22,-19.5
RVF8-RVF7,27.5,24,-19.5
RVF9-RVF8,28,23.5,-18.5
